t,FieldID,geometry,year
06/11/2022 12:00,DU-213-21,POINT (-111.072952 68.453574),2022
